"시도명","시군구명","운영방식","업체명","지원기준"
"서울","강남구","지정","액티피아","○ 수급자, 차상위: 30만원 / ○ 일반 : 20만원"
"서울","강남구","지정","엠코리아토탈서비스","○ 수급자, 차상위: 30만원 / ○ 일반 : 20만원"
"서울","강남구","지정","케어존","○ 수급자, 차상위: 30만원 / ○ 일반 : 20만원"
"서울","강남구","지정","휠로피아","○ 수급자, 차상위: 30만원 / ○ 일반 : 20만원"
"서울","강동구","지정","백세건강의료기","○ 수급자, 차상위: 30만원 / ○ 일반 : 10만원"
"서울","강동구","지정","엠코리아토탈서비스","○ 수급자, 차상위: 30만원 / ○ 일반 : 10만원"
"서울","강동구","지정","우정메디케어","○ 수급자, 차상위: 30만원 / ○ 일반 : 10만원"
"서울","강동구","지정","위드로케어","○ 수급자, 차상위: 30만원 / ○ 일반 : 10만원"
"서울","강동구","지정","(주)액티피아","○ 수급자, 차상위: 30만원 / ○ 일반 : 10만원"
"서울","강동구","지정","(주)휠로피아","○ 수급자, 차상위: 30만원 / ○ 일반 : 10만원"
"서울","강북구","지정","케어런","○ 수급자, 차상위: 30만원 / ○ 일반 : 10만원"
"서울","강서구","지정","굿인","○ 수급자, 차상위: 25만원 / ○ 장애연급수급자: 15만원 / ○ 일반: 15만원"
"서울","강서구","지정","케어존","○ 수급자, 차상위: 25만원 / ○ 장애연급수급자: 15만원 / ○ 일반: 15만원"
"서울","강서구","지정","한울메디컬센터","○ 수급자, 차상위: 25만원 / ○ 장애연급수급자: 15만원 / ○ 일반: 15만원"
"서울","강서구","지정","행복메디칼","○ 수급자, 차상위: 25만원 / ○ 장애연급수급자: 15만원 / ○ 일반: 15만원"
"서울","강서구","지정","휠로피아","○ 수급자, 차상위: 25만원 / ○ 장애연급수급자: 15만원 / ○ 일반: 15만원"
"서울","관악구","지정","알파케어","○ 수급자, 차상위: 30만원 / ○ 일반 : 15만원"
"서울","관악구","지정","액티피아","○ 수급자, 차상위: 30만원 / ○ 일반 : 15만원"
"서울","관악구","지정","엠코리아토탈서비스","○ 수급자, 차상위: 30만원 / ○ 일반 : 15만원"
"서울","관악구","지정","케어존","○ 수급자, 차상위: 30만원 / ○ 일반 : 15만원"
"서울","관악구","지정","현대케어","○ 수급자, 차상위: 30만원 / ○ 일반 : 15만원"
"서울","관악구","지정","휠로피아","○ 수급자, 차상위: 30만원 / ○ 일반 : 15만원"
"서울","광진구","지정","엠코리아 토탈서비스","○ 수급자, 차상위: 30만원 / ○ 일반 : 15만원"
"서울","광진구","지정","우정메디케어","○ 수급자, 차상위: 30만원 / ○ 일반 : 15만원"
"서울","광진구","지정","위드로케어","○ 수급자, 차상위: 30만원 / ○ 일반 : 15만원"
"서울","구로구","지정","액티피아","○ 수급자, 차상위: 30만원 / ○ 일반: 20만원"
"서울","구로구","지정","케어존","○ 수급자, 차상위: 30만원 / ○ 일반: 20만원"
"서울","구로구","지정","휠로피아","○ 수급자, 차상위: 30만원 / ○ 일반: 20만원"
"서울","금천구","지정","알파케어","○ 수급자: 30만원 / ○ 차상위: 30만원 / ○ 일반: 10만원"
"서울","금천구","지정","액티피아","○ 수급자: 30만원 / ○ 차상위: 30만원 / ○ 일반: 10만원"
"서울","금천구","지정","장수메디케어","○ 수급자: 30만원 / ○ 차상위: 30만원 / ○ 일반: 10만원"
"서울","금천구","지정","현대케어","○ 수급자: 30만원 / ○ 차상위: 30만원 / ○ 일반: 10만원"
"서울","노원구","지정","금강오픈케어","○ 수급자, 차상위: 30만원 / ○ 일반 : 15만원"
"서울","노원구","지정","동화메디칼","○ 수급자, 차상위: 30만원 / ○ 일반 : 15만원"
"서울","노원구","지정","디에스케어","○ 수급자, 차상위: 30만원 / ○ 일반 : 15만원"
"서울","노원구","지정","스카이메디칼","○ 수급자, 차상위: 30만원 / ○ 일반 : 15만원"
"서울","노원구","지정","장수메디케어","○ 수급자, 차상위: 30만원 / ○ 일반 : 15만원"
"서울","노원구","지정","퍼스트케어","○ 수급자, 차상위: 30만원 / ○ 일반 : 15만원"
"서울","노원구","지정","세움보조기","○ 수급자, 차상위: 30만원 / ○ 일반 : 15만원"
"서울","도봉구","지정","도봉구보장구수리센터","○ 수급자, 차상위: 30만원 / ○ 일반 : 15만원"
"서울","동대문구","지정","엠에이디매직(동문장애인복지관 운영)","○ 수급자, 차상위: 30만원 / ○ 일반 : 15만원"
"서울","동대문구","지정","퍼스트케어(새날동대문장애인자립생활센터운영)","○ 수급자, 차상위: 30만원 / ○ 일반 : 15만원"
"서울","동작구","지정","알파케어","○ 수급자, 차상위: 30만원 / ○ 일반 : 15만원"
"서울","동작구","지정","액티피아","○ 수급자, 차상위: 30만원 / ○ 일반 : 15만원"
"서울","동작구","지정","케이디텍","○ 수급자, 차상위: 30만원 / ○ 일반 : 15만원"
"서울","동작구","지정","현대케어","○ 수급자, 차상위: 30만원 / ○ 일반 : 15만원"
"서울","동작구","지정","휠로피아","○ 수급자, 차상위: 30만원 / ○ 일반 : 15만원"
"서울","마포구","위탁","마포보장구수리센터","○ 수급자, 차상위: 30만원 / ○ 일반 : 20만원"
"서울","마포구","지정","세라케어","○ 수급자, 차상위: 30만원 / ○ 일반 : 20만원"
"서울","마포구","지정","현대케어","○ 수급자, 차상위: 30만원 / ○ 일반 : 20만원"
"서울","서대문구","지정","서대문햇살아래장애인자립생활센터","○ 수급자, 차상위: 40만원 / ○ 일반 : 27만원"
"서울","서초구","위탁","서초구립한우리보장구수리센터","○ 수급자, 차상위: 30만원 / ○ 일반 : 20만원"
"서울","성동구","위탁","성동장애인종합복지관","○ 수급자, 차상위: 30만원 / ○ 일반 : 10만원"
"서울","성북구","지정","성북장애인보장구수리센터","○ 수급자, 차상위: 30만원 / ○ 일반 : 15만원"
"서울","송파구","지정","우정메디케어","○ 수급자, 차상위: 30만원 / ○ 일반 : 20만원"
"서울","송파구","지정","백세건강의료기","○ 수급자, 차상위: 30만원 / ○ 일반 : 20만원"
"서울","송파구","지정","송파보장구수리센터","○ 수급자, 차상위: 30만원 / ○ 일반 : 20만원"
"서울","송파구","지정","알파케어","○ 수급자, 차상위: 30만원 / ○ 일반 : 20만원"
"서울","송파구","지정","액티피아","○ 수급자, 차상위: 30만원 / ○ 일반 : 20만원"
"서울","송파구","지정","엠코리아토탈서비스","○ 수급자, 차상위: 30만원 / ○ 일반 : 20만원"
"서울","송파구","지정","위드로케어","○ 수급자, 차상위: 30만원 / ○ 일반 : 20만원"
"서울","송파구","지정","케이씨","○ 수급자, 차상위: 30만원 / ○ 일반 : 20만원"
"서울","송파구","지정","휠로피아","○ 수급자, 차상위: 30만원 / ○ 일반 : 20만원"
"서울","구로구","지정","현대케어","○ 수급자, 차상위: 30만원 / ○ 일반: 20만원"
"서울","양천구","지정","굿인","○ 수급자, 차상위: 30만원 / ○ 일반 : 30만원"
"서울","양천구","지정","알파케어","○ 수급자, 차상위: 30만원 / ○ 일반 : 30만원"
"서울","양천구","지정","액티피아","○ 수급자, 차상위: 30만원 / ○ 일반 : 30만원"
"서울","양천구","지정","케어존","○ 수급자, 차상위: 30만원 / ○ 일반 : 30만원"
"서울","양천구","지정","현대케어","○ 수급자, 차상위: 30만원 / ○ 일반 : 30만원"
"서울","양천구","지정","휠로피아","○ 수급자, 차상위: 30만원 / ○ 일반 : 30만원"
"서울","영등포구","지정","알파케어","○ 수급자, 차상위: 30만원 / ○ 일반: 15만원"
"서울","영등포구","지정","액티피아","○ 수급자, 차상위: 30만원 / ○ 일반: 15만원"
"서울","영등포구","지정","케어존","○ 수급자, 차상위: 30만원 / ○ 일반: 15만원"
"서울","영등포구","지정","케이디텍","○ 수급자, 차상위: 30만원 / ○ 일반: 15만원"
"서울","영등포구","지정","현대케어","○ 수급자, 차상위: 30만원 / ○ 일반: 15만원"
"서울","영등포구","지정","휠로피아","○ 수급자, 차상위: 30만원 / ○ 일반: 15만원"
"서울","용산구","지정","중증장애인독립생활연대","○ 수급자, 차상위: 35만원 / ○ 일반 : 25만원"
"서울","은평구","위탁","우리하나은평장애인자립생활센터","○ 수급자, 차상위: 30만원 / ○ 일반 : 10만원"
"서울","종로구","지정","액티피아","○ 수급자, 차상위: 30만원 / ○ 일반 : 10만원"
"서울","종로구","지정","휠로피아","○ 수급자, 차상위: 30만원 / ○ 일반 : 10만원"
"서울","중구","지정","알파케어","○ 수급자, 차상위: 30만원 / ○ 일반 : 30만원"
"서울","중구","지정","액티피아","○ 수급자, 차상위: 30만원 / ○ 일반 : 30만원"
"서울","중구","지정","엠코리아토탈서비스","○ 수급자, 차상위: 30만원 / ○ 일반 : 30만원"
"서울","중구","지정","케어런","○ 수급자, 차상위: 30만원 / ○ 일반 : 30만원"
"서울","중구","지정","케어존","○ 수급자, 차상위: 30만원 / ○ 일반 : 30만원"
"서울","중구","지정","휠로피아","○ 수급자, 차상위: 30만원 / ○ 일반 : 30만원"
"서울","중랑구","지정","광선메디칼","○ 수급자, 차상위: 30만원 / ○ 일반 : 10만원"
"서울","중랑구","지정","동아의료기","○ 수급자, 차상위: 30만원 / ○ 일반 : 10만원"
"서울","중랑구","지정","중랑구장애인이동기기수리센터","○ 수급자, 차상위: 30만원 / ○ 일반 : 10만원"
"서울","중랑구","지정","퍼스트케어","○ 수급자, 차상위: 30만원 / ○ 일반 : 10만원"
"부산","북구","권역별 운영(민간)","부산장애인자립생활센터","○ 1인당 연 40만원 이내 수리비 지원 / ○ 본인부담 비율 / - 수급자,차상위 : 무상 / - 자립생활장애인 : 10% / - 일반 장애인 : 20% / ○ 배터리:16만원"
"부산","사하구","권역별 운영(민간)","사하두바퀴장애인자립생활센터","○ 1인당 연 40만원 이내 수리비 지원 / ○ 본인부담 비율 / - 수급자,차상위 : 무상 / - 자립생활 장애인 : 10% / - 일반 장애인 : 20% / ○ 배터리 : 16만원"
"부산","금정구","권역별 운영(민간)","금정장애인자립생활센터","○ 1인당 연 40만원 이내 수리비 지원 / ○ 본인부담 비율 / - 수급자,차상위 : 무상 / - 자립생활 장애인 : 10% / - 일반 장애인 : 20% / ○ 배터리 : 16만원"
"부산","연제구","권역별 운영(민간)","부산장애인종합복지관","○ 1인당 연 40만원 이내 수리비 지원 / ○ 본인부담 비율 / - 수급자,차상위 : 무상 / - 자립생활 장애인 : 10% / - 일반 장애인 : 20% / ○ 배터리 : 16만원"
"대구","중구","위탁","대구광역시지체장애인협회","○ 기초수급자, 차상위: 30만원 / ○ 차상위 초과 : 20만원"
"대구","달서구","위탁","대구광역시 장애인재활협회","○ 기초수급자, 차상위: 30만원 / ○ 차상위 초과 : 20만원"
"인천","남동구","위탁","(사)인천광역시지체장애인협회","○ 수급자, 차상위: 30만원"
"인천","계양구","공모","이레케어","○ 수급자, 차상위, 유공자: 20만원 / ○ 일반장애인: 15만원"
"인천","계양구","공모","노란케어119","○ 수급자, 차상위, 유공자: 20만원 / ○ 일반장애인: 15만원"
"광주","서구","위탁","광주광역시지체장애인협회","○ 기초수급자, 차상위계층 : 수리비용 연간 30만원 이내(전액지원) / ○ 일반장애인 : 수리비용 연간 20만원 이내(1/2지원)"
"대전","동구","-","대전지체장애인협회","○ 수급자, 차상위: 30만원 / ○ 일반 : 5만원"
"대전","서구","업무협약","행복전동휠체어협동조합","○ 수급자, 차상위: 20만원 / ○ 일반 : 10만원"
"대전","중구","-","대전척수장애인협회","척수장애인무료"
"울산","울산 남구, 중구, 북구, 동구, 울주군","위탁","울산광역시보조기기서비스센터","○ 수급자, 차상위: 30만원 / ○ 일반 : 20만원"
"세종","세종특별자치시","위탁","휠체어 수리지원센터","○ 수급자, 차상위 : 20만원 / ○ 일반 : 10만원"
"경기","경기도전체","도 위탁사업","경기도장애인보장구수리지원센터","○ 무상수리 / ○ 미보유 부품 비용 자부담"
"경기","경기남부(21개 시/군)","도 위탁사업","경기도재활공학서비스연구지원센터","○ 수급권자 : 12만원 / ○ 차상위 : 12만원 / ○ 건강보험 : 10만원"
"경기","경기북부(10개 시/군)","도 위탁사업","경기도보조기기북부센터","○ 수급권자 : 12만원 / ○ 차상위 : 12만원 / ○ 건강보험 : 10만원"
"경기","가평군","위탁","경기도지체장애인협회 가평군지회","○ 수급권자 : 20만원 / ○ 차상위 : 20만원 / ○ 건강보험 : 10만원"
"경기","고양시","위탁","장애인권익지원협회 고양시지부","○ 수급자, 차상위 : 25만원 / ○ 건강보험 : 10만원"
"경기","고양시","위탁","나우의료기","○ 수급자, 차상위 : 25만원 / ○ 건강보험 : 10만원"
"경기","고양시","위탁","땡큐시니어 건강의료기","○ 수급자, 차상위 : 25만원 / ○ 건강보험 : 10만원"
"경기","고양시","위탁","장애인복지협회의료기","○ 수급자, 차상위 : 25만원 / ○ 건강보험 : 10만원"
"경기","고양시","위탁","지성메디칼","○ 수급자, 차상위 : 25만원 / ○ 건강보험 : 10만원"
"경기","고양시","위탁","(주)닛신","○ 수급자, 차상위 : 25만원 / ○ 건강보험 : 10만원"
"경기","과천시","위탁","경기도지체장애인협회 과천시지회","○ 수급자, 차상위 : 50만원 / ○ 건강보험 : 30만원"
"경기","과천시","위탁","울림터 과천시장애인자립생활센터","○ 수급자, 차상위 : 50만원 / ○ 건강보험 : 30만원"
"경기","광명시","위탁","광명시장애인이동보조기기수리센터","○ 수급자 : 20만원 / ○ 차상위 : 10만원"
"경기","광주시","위탁","국보의료기","○ 수급자, 차상위 : 20만원"
"경기","광주시","위탁","번창보조기기센터","○ 수급자, 차상위 : 20만원"
"경기","구리시","위탁","경기도지체장애인협회 구리시지회","○ 수급자, 차상위 : 20만원 / ○ 건강보험 : 10만원"
"경기","군포시","위탁","경기도지체장애인협회 군포시지회","○ 수급자, 차상위, 건강보험 : 소모성 부품 무료(10만원 이상 자부담 발생)"
"경기","김포시","위탁","경기도지체장애인협회 김포시지회","○ 수급자, 차상위 : 30만원 / ○ 건강보험 : 20만원"
"경기","남양주시","위탁","경기도지체장애인협회 남양주시지회","○ 수급자, 차상위 : 20만원 / ○ 건강보험 : 10만원"
"경기","동두천시","위탁","경기도지체장애인협회 동두천시지회","○ 수급자, 차상위 : 20만원 / ○ 건강보험 : 10만원"
"경기","동두천시","위탁","한국교통장애인협회 동두천시지회","○ 수급자, 차상위 : 20만원 / ○ 건강보험 : 10만원"
"경기","부천시","위탁","부천장애인보장구클리너센터","○ 수급자, 차상위 / - 전동휠체어, 전동 스쿠터 : 20만원 / - 수동휠체어 : 10만원"
"경기","부천시","위탁","실버케어114","○ 수급자, 차상위 / - 전동휠체어, 전동 스쿠터 : 20만원 / - 수동휠체어 : 10만원"
"경기","부천시","위탁","케어114","○ 수급자, 차상위 / - 전동휠체어, 전동 스쿠터 : 20만원 / - 수동휠체어 : 10만원"
"경기","성남시","위탁","성남시복지용구공유센터","○ 수급자, 차상위 : 30만원 / ○ 건강보험 : 15만원(자부담 50%)"
"경기","수원시","위탁","대길케어","○ 수급자, 차상위 : 20만원 / ○ 건강보험 : 10만원(중위소득100%이하)"
"경기","수원시","위탁","부르미","○ 수급자, 차상위 : 20만원 / ○ 건강보험 : 10만원(중위소득100%이하)"
"경기","수원시","위탁","수원시보장구수리센터","○ 수급자, 차상위 : 20만원 / ○ 건강보험 : 10만원(중위소득100%이하)"
"경기","수원시","위탁","에이원케어메디칼","○ 수급자, 차상위 : 20만원 / ○ 건강보험 : 10만원(중위소득100%이하)"
"경기","수원시","위탁","일신케어","○ 수급자, 차상위 : 20만원 / ○ 건강보험 : 10만원(중위소득100%이하)"
"경기","수원시","위탁","자립원","○ 수급자, 차상위 : 20만원 / ○ 건강보험 : 10만원(중위소득100%이하)"
"경기","수원시","위탁","천수기업","○ 수급자, 차상위 : 20만원 / ○ 건강보험 : 10만원(중위소득100%이하)"
"경기","수원시","위탁","케어존","○ 수급자, 차상위 : 20만원 / ○ 건강보험 : 10만원(중위소득100%이하)"
"경기","수원시","위탁","힐링그룹","○ 수급자, 차상위 : 20만원 / ○ 건강보험 : 10만원(중위소득100%이하)"
"경기","시흥시","위탁","시흥시장애인보장구수리센터","○ 수급자, 차상위 : 25만원"
"경기","안산시","위탁","안산시장애인이동기기수리센터","○ 수급자, 차상위 : 30만원 / ○ 건강보험 : 15만원"
"경기","안성시","위탁","경기도장애인협회 안성시지회","○ 수급자, 차상위 : 20만원 / ○ 건강보험 : 10만원"
"경기","안양시","위탁","온누리부흥센터","○ 수급자, 차상위 : 40만원 / 10% 자부담 / ○ 건강보험 : 40만원 / 20% 자부담"
"경기","안양시","위탁","밀알보장구수리센터","○ 수급자, 차상위 : 40만원 / 10% 자부담 / ○ 건강보험 : 40만원 / 20% 자부담"
"경기","양주시","위탁","세움재활보장구센터","○ 수급자, 차상위 : 20만원 / ○ 건강보험 : 10만원"
"경기","양주시","위탁","디딤돌장애인자립생활센터","○ 수급자, 차상위 : 20만원 / ○ 건강보험 : 10만원"
"경기","양평군","위탁","경기도지체장애인협회 양평군지회","○ 수급자, 차상위 : 20만원 / ○ 건강보험 : 10만원"
"경기","여주시","위탁","경기도지체장애인협회 여주시지회","○ 수급자, 차상위 : 20만원 / ○ 건강보험 : 10만원"
"경기","여주시","위탁","경기도장애인협회 여주시지회","○ 수급자, 차상위 : 20만원 / ○ 건강보험 : 10만원"
"경기","여주시","위탁","한솔의료기","○ 수급자, 차상위 : 20만원 / ○ 건강보험 : 10만원"
"경기","연천군","위탁","연천장애인자립생활센터","○ 수급자 : 20만원 / ○ 차상위 : 10만원"
"경기","오산시","위탁","오산시보조기기수리센터","○ 수급자, 차상위 : 25만원 / ○ 건강보험 : 15만원"
"경기","용인시","위탁","경기도지체장애인협회 용인시지회","○ 수급자, 차상위 : 20만원 / ○ 건강보험 : 10만원"
"경기","용인시","위탁","용인시보장구수리센터","○ 수급자, 차상위 : 20만원 / ○ 건강보험 : 10만원"
"경기","용인시","위탁","용인종로의료기","○ 수급자, 차상위 : 20만원 / ○ 건강보험 : 10만원"
"경기","의왕시","위탁","경기도지체장애인협회 의왕시지회","○ 수급자, 차상위 : 자부담 / ○ 건강보험 : 자부담"
"경기","의정부시","위탁","세움재활보장구센터","○ 수급자, 차상위 : 20만원 / ○ 건강보험 : 10만원(수리 시 자부담 50%)"
"경기","의정부시","위탁","케어메디칼","○ 수급자, 차상위 : 20만원 / ○ 건강보험 : 10만원(수리 시 자부담 50%)"
"경기","의정부시","위탁","케어플러스","○ 수급자, 차상위 : 20만원 / ○ 건강보험 : 10만원(수리 시 자부담 50%)"
"경기","이천시","위탁","경기도지체장애인협회 이천시지회","○ 수급자, 차상위 : 30만원 / ○ 건강보험 : 20만원"
"경기","이천시","위탁","가촌사회적협동조합","○ 수급자, 차상위 : 30만원 / ○ 건강보험 : 20만원"
"경기","파주시","위탁","경기도지체장애인협회 파주시지회","○ 수급자, 차상위 : 20만원 / ○ 건강보험 : 10만원"
"경기","평택시","직접수행","- 시 지정 기관 및 업체 없음 - 대상자 업체 지정하여 수리 진행","○ 수급자 : 30만원 / ○ 차상위 : 25만원"
"경기","포천시","위탁","포천시장애인자립생활센터","○ 수급자, 차상위 : 15만원 / ○ 건강보험 : 15만원"
"경기","하남시","위탁","경기도지체장애인협회 하남시지회","○ 수급자, 차상위 : 50만원 / ○ 건강보험 : 30만원"
"경기","하남시","직접수행","- 시 지정 기관 및 업체 없음 - 대상자 업체 지정하여 수리 진행","○ 수급자, 차상위 : 30만원 / ○ 건강보험 : 30만원(중위소득 80%이하)"
"충북","제천시","위탁","충북지체장애인협회 제천지회 보장구수리센터","○ 수급자, 차상위: 30만원 / ○ 일반 : 15만원"
"충북","보은군","위탁","케어메디칼","○ 수급자, 차상위: 30만원 / ○ 일반 : 15만원"
"충북","옥천군","지정","행복한 세상","○ 수급자, 차상위: 30만원 / ○ 일반 : 20만원"
"충남","천안시","공모","조은의료기","○ 수급자, 차상위 : 30만원 / ○ 일반 : 20만원"
"충남","천안시","공모","희망메디칼","○ 수급자, 차상위 : 30만원 / ○ 일반 : 20만원"
"충남","공주시","위탁","충남장애인보장구센터","○ 수급자, 차상위 : 30만원 / ○ 일반 : 20만원"
"충남","보령시","공모","동부케어","○ 수급자, 차상위 : 30만원 / ○ 일반 : 20만원"
"충남","아산시","공모","태양의료기","○ 수급자, 차상위 : 30만원 / ○ 일반 : 20만원"
"충남","서산시","위탁","성심의료기","○ 수급자, 차상위 : 30만원 / ○ 일반 : 20만원"
"충남","논산시","공모","충청의료기","○ 수급자, 차상위 : 30만원 / ○ 일반 : 20만원"
"충남","논산시","공모","혜승의료기","○ 수급자, 차상위 : 30만원 / ○ 일반 : 20만원"
"충남","계룡시","공모","충남장애인보장구센터","○ 수급자, 차상위 : 30만원 / ○ 일반 : 20만원"
"충남","당진시","공모","100세동안 당진점","○ 수급자, 차상위 : 30만원 / ○ 일반 : 20만원"
"충남","금산군","공모","행복이음의료기","○ 수급자, 차상위 : 30만원 / ○ 일반 : 20만원"
"충남","부여군","위탁","천사의료기","○ 수급자, 차상위 : 30만원 / ○ 일반 : 20만원"
"충남","서천군","공모","나드리메디칼케어","○ 수급자, 차상위 : 30만원 / ○ 일반 : 20만원"
"충남","청양군","공모","백세의료기","○ 수급자, 차상위 : 30만원 / ○ 일반 : 20만원"
"충남","홍성군","공모","충남장애인보장구센터","○ 수급자, 차상위 : 30만원 / ○ 일반 : 20만원"
"충남","예산군","공개모집","충무휠체어","○ 수급자, 차상위 : 30만원 / ○ 일반 : 20만원"
"충남","태안군","업체직접운영","태안의료기복지센터","○ 수급자, 차상위 : 30만원 / ○ 일반 : 20만원"
"전북","부안군","위탁","부안군장애인연합회","-수급자,차상위:30만원 / -일반:15만원"
"전북","군산시","직접수행","(사)전라북도 척수장애인협회 군산지회","-수급자,차상위:20만원 / -기초연금,장애연금수급자:10만원"
"전북","군산시","직접수행","세진엠케어","-수급자,차상위:20만원 / -기초연금,장애연금수급자:10만원"
"전북","군산시","직접수행","나드리메디칼케어","-수급자,차상위:20만원 / -기초연금,장애연금수급자:10만원"
"전북","군산시","직접수행","하늘케어","-수급자,차상위:20만원 / -기초연금,장애연금수급자:10만원"
"전북","군산시","직접수행","군산의료보조공학센터","-수급자,차상위:20만원 / -기초연금,장애연금수급자:10만원"
"전북","군산시","직접수행","조은의료기","-수급자,차상위:20만원 / -기초연금,장애연금수급자:10만원"
"전북","정읍시","위탁","전북지체장애인협회정읍시지회","-기초수급자90%보조 / -일반50%보조"
"전북","김제시","위탁","새한의료기","-수급자,차상위:20만원 / -일반:10만원"
"전북","진안군","위탁","지체장애인협회","-수급자,차상위:20만원 / -일반:10만원"
"전북","순창군","위탁","순창건강의료기","-수급자,차상위:20만원 / -일반:10만원"
"전북","완주군","위탁","완주군장애인복지관","- 수급자, 차상위 연간 30만원 이내"
"전북","남원시","위탁","전북지체장애인협회남원시지부","-지원액 : 연간20만원 / -수급자 : 10% 자부담 / -차상위 : 20% 자부담 / -일반 : 50% 자부담"
"전북","익산시","위탁","전북지체장애인협회익산시지회","- 수급자, 차상위 : 20만원 / - 일반 : 10만원"
"전북","전주시","직접수행","전주시보장구수리센터","- 수급자, 차상위 : 20만원 / - 일반 : 10만원"
"전북","전주시","직접수행","(사)전주시장애인정보교환센터","- 수급자, 차상위 : 20만원 / - 일반 : 10만원"
"전남","순천시","위탁","순천시장애인종합복지관","-수급자,차상위:최대30만원 / -일반:최대15만원"
"경북","포항시","위탁","포항시북부장애인종합복지관","○ 수급자, 차상위: 30만원 / ○ 일반 : 15만원"
"경북","포항시","위탁","신체장애인보장구수리센터","○ 수급자, 차상위: 30만원 / ○ 일반 : 15만원"
"경북","포항시","위탁","동산보청기의료기","○ 수급자, 차상위: 30만원 / ○ 일반 : 15만원"
"경북","포항시","위탁","삼성의료기","○ 수급자, 차상위: 30만원 / ○ 일반 : 15만원"
"경북","구미시","직접수행","사)한국척수장애인협회 구미시지회","○ 수급자, 차상위: 15만원 / ○ 일반 : 8만원"
"경북","구미시","직접수행","명성의료기","○ 수급자, 차상위: 15만원 / ○ 일반 : 8만원"
"경북","구미시","직접수행","소망의료기","○ 수급자, 차상위: 15만원 / ○ 일반 : 8만원"
"경북","구미시","직접수행","헬스마트","○ 수급자, 차상위: 15만원 / ○ 일반 : 8만원"
"경북","영천시","위탁","한국지체장애인협회 영천시지회","○ 개인별 연간 10만원 이내"
"경북","상주시","보조사업","(사)한국척수장애인경북협회 상주시지회","중증장애인 무료"
"경북","경산시","위탁","우리앤의료기","○ 수급자, 차상위: 50만원 / ○ 일반 : 30만원"
"경북","경산시","위탁","우리의료기","○ 수급자, 차상위: 50만원 / ○ 일반 : 30만원"
"경북","경산시","위탁","경산휠체어","○ 수급자, 차상위: 50만원 / ○ 일반 : 30만원"
"경북","청도군","직접운영(업체지정)","대성오토바이상사","1인 연간20만원 한도 / 기초생활수급자, 차상위 : 수리비의 90% / 일반 장애인 : 수리비의 80%"
"경북","청도군","직접운","HB메디컬","1인 연간20만원 한도 / 기초생활수급자, 차상위 : 수리비의 90% / 일반 장애인 : 수리비의 80%"
"경북","울진군","직접운영","행복의료기","○ 수급자, 차상위: 최대 30만원 / ○ 일반 : 최대 15만원"
"경북","울진군","직접운영","디엔에이의료기기","○ 수급자, 차상위: 최대 30만원 / ○ 일반 : 최대 15만원"
"경남","도 전역","위탁","(사)경남지체장애인연합회회","○ 수급자, 차상위 : 40만원 이내 / ○ 일반 : 20만원 이내"
"경남","창원시","위탁","창원시장애인종합복지관","1인당 30만원한도 기준 / ○ 수급자: 전액지원 / ○ 차상위: 80%지원 / ○ 차상위초과: 50%지원"
"경남","진주시","위탁","진주시장애인종합복지관","○ 수급자 : 무료 / ○ 차상위 : 10% 본인부담 / ○ 일반 : 60% 본인부담"
"경남","통영시","위탁","통영시장애인종합복지관","○ 보장구 사용 통영지역민 누구나 / ○ 타이어, 튜브 등 소모품 교체, 일반 부품 무료 지원 / * 고비용 부품 수리 교체 건 발생 시 경상남도 수리센터연계 또는 본인부담 발생"
"경남","사천시","위탁","(사)경남지체장애인연합회사천시지회","○ 수급자, 차상위 : 30만원 이내 / ○ 일반 : 15만원 이내"
"경남","김해시","위탁","김해시장애인종합복지관","○ 수급자, 차상위: 30만원 / ○ 일반 : 20만원"
"경남","거제시","위탁","거제시 장애인자립생활지원센터","○ 수급자, 차상위: 40만원 / ○ 일반 : 20만원"
"경남","양산시","지원사업 수행기관 공모","양산시장애인복지관","○ 수급자, 차상위: 40만원 / ○ 일반 : 20만원 한도 내 수리비의 50%"
"경남","함안군","직접수행(보조금 지원)","현대메디칼","○ 수급자, 차상위: 40만원 / ○ 일반 : 30만원"
"경남","남해군","수리업체지정(계약)","남해독일보청기","○ 수급자 : 30만원 / ○ 차상위 : 20만원 / ○ 일반 : 10만원"
"경남","하동군","위탁","경남하동군장애인편의증진기술지원센터","○ 수급자, 차상위 : 30만원 / ○ 일반 : 15만원"
"경남","거창군","직접수행(보조금 지원)","","30만원 한도 내"
"제주","제주시","지정","사회복지법인 삼다","○ 수급자, 차상위: 40만원 / ○ 일반 : 30만원"
"제주","서귀포시","지정","서귀포시장애인자립생활센터","소득구분없이 연30만원 수리비용 지원"
"제주","제주시","보조사업","제주장애인자립생활센터","전동휠체어 / 수급자,차상위 40만원, 일반 32만원 / 그 외 품목 / 수급자, 차상위 25만원, 일반 20만원 /"
"강원","원주시","지정","케어존 동부점","○ 수급자, 차상위: 20만원 / ○ 일반 : 10만원"
"강원","영월군","위탁","영월군장애인협회","○ 수급자: 20만원 / ○ 차상위: 10만원 / ○ 일 반: 출장비 무료"
"강원","원주시","지정","중앙의료기","○ 수급자, 차상위: 20만원 / ○ 일반 : 10만원"
"강원","속초시","위탁","신체장애인복지회","○ 수급자,차상위 : 무료 / ○ 일반 : 부품비만 청구"
"강원","횡성군","위탁","횡성군장애인종합복지관(장애인보장구수리센터)","○ 수급자,차상위 : 연간 40만원 / ○ 일반 : 연간 15만원"
"강원","춘천시","위탁","강원특별자치도재활병원","○ 수급자, 차상위: 20만원 / ○ 일반 : 10만원"
"강원","동해시","지정","동해시장애인보장구A/S센터","○ 수급자, 차상위: 연간 20만원 한도 내(모터, 배터리 제외)"
"강원","양구군","위탁","(사)강원특별자치도 지체장애인협회 양구군지회","○ 수급자,차상위 : 연간 30만원 / ○ 일반 : 연간 20만원 / ○ 배터리 교체 지원 : 최대 30만원 / - 배터리 교체 내구연한 : 1년 6개월"
"강원","양구군","위탁","(사)강원특별자치도 장애인복지회 양구군지회","-"
